name,description,price,date
Product A,"High-quality item",24.99,2023-11-26
Product B,"Durable and versatile",32.50,2023-11-25
Product C,"Multi-functional tool",19.95,2023-11-24
Product D,"Elegant and stylish",45.00,2023-11-23
Product E,"Premium material",75.49,2023-11-22
Product F,"User-friendly design",55.00,2023-11-21
Product G,"Advanced technology",129.99,2023-11-20
Product H,"Compact and lightweight",39.95,2023-11-19
Product I,"Sleek and modern",89.99,2023-11-18
Product J,"Efficient performance",149.00,2023-11-17
Product K,"Versatile and durable",29.99,2023-11-16
Product L,"Eco-friendly materials",42.50,2023-11-15
Product M,"Comfortable and reliable",59.95,2023-11-14
Product N,"High-performance",199.99,2023-11-13
Product O,"Stylish and practical",79.95,2023-11-12
Product P,"Premium quality",119.00,2023-11-11
Product Q,"Ergonomic design",34.99,2023-11-10
Product R,"Exceptional durability",65.00,2023-11-09
Product S,"Innovative features",149.95,2023-11-08
Product T,"Modern and efficient",99.99,2023-11-07
